,Build Time
,1548
,1335
,1360
,1491
,1302
,1366
,1294
,1336
,1317
,1293
,1291
,1318
,1280
,1269
,1261
,5030
,2658
,2357
,2198
,1911
,1796
,1266
,1342
,1344
,5170
,1432
,1244
,1236
,1237
,1226
,1398
,1257
,1297
,1269
,1207
,1213
,1204
,1317
,1221
,1295
,1198
,1258
,1291
,1216
,1201
,1214
,1340
,1215
,1203
,1180
,3898
,1204
,1912
,2238
,6239
,2167
,2335
,1068
,1143
,1020
,1003
,1074
,1034
,1010
,1019
,1034
,1032
,1045
,1555
,1535
,1580
,1747
,1618
,1819
,1783
,1687
,1724
,1649
,1747
,1628
,1682
,1042
,1030
,1114
,1002
,1006
,3527
,1069
,1043
,1037
,1075
,1028
,1078
,1052
,1047
,1063
,1047
,1054
,1044
,1114
